{
  "User" : {
    "transaction" : "User",
    "sampleCount" : 1000,
    "errorCount" : 0,
    "errorPct" : 0.0,
    "meanResTime" : 56.813999999999965,
    "medianResTime" : 55.0,
    "minResTime" : 48.0,
    "maxResTime" : 139.0,
    "pct1ResTime" : 64.0,
    "pct2ResTime" : 70.0,
    "pct3ResTime" : 91.99000000000001,
    "throughput" : 77.22007722007721,
    "receivedKBytesPerSec" : 74.57528957528957,
    "sentKBytesPerSec" : 11.839406370656372
  },
  "Register" : {
    "transaction" : "Register",
    "sampleCount" : 1000,
    "errorCount" : 0,
    "errorPct" : 0.0,
    "meanResTime" : 457.2330000000001,
    "medianResTime" : 433.0,
    "minResTime" : 409.0,
    "maxResTime" : 1547.0,
    "pct1ResTime" : 538.0,
    "pct2ResTime" : 551.9499999999999,
    "pct3ResTime" : 827.8300000000002,
    "throughput" : 71.10352673492605,
    "receivedKBytesPerSec" : 48.08556531747725,
    "sentKBytesPerSec" : 16.87320019197952
  },
  "Total" : {
    "transaction" : "Total",
    "sampleCount" : 3000,
    "errorCount" : 0,
    "errorPct" : 0.0,
    "meanResTime" : 314.868333333333,
    "medianResTime" : 421.0,
    "minResTime" : 48.0,
    "maxResTime" : 1547.0,
    "pct1ResTime" : 449.0,
    "pct2ResTime" : 529.0,
    "pct3ResTime" : 563.9899999999998,
    "throughput" : 206.2848105617823,
    "receivedKBytesPerSec" : 158.95426493845838,
    "sentKBytesPerSec" : 45.46055232758028
  },
  "Login" : {
    "transaction" : "Login",
    "sampleCount" : 1000,
    "errorCount" : 0,
    "errorPct" : 0.0,
    "meanResTime" : 430.5580000000001,
    "medianResTime" : 428.0,
    "minResTime" : 407.0,
    "maxResTime" : 1431.0,
    "pct1ResTime" : 444.9,
    "pct2ResTime" : 450.0,
    "pct3ResTime" : 472.98,
    "throughput" : 75.00750075007501,
    "receivedKBytesPerSec" : 50.2285091790429,
    "sentKBytesPerSec" : 20.290114948994898
  }
}