{
  "Update Booking" : {
    "transaction" : "Update Booking",
    "sampleCount" : 2000,
    "errorCount" : 0,
    "errorPct" : 0.0,
    "meanResTime" : 3072.416500000002,
    "medianResTime" : 3238.0,
    "minResTime" : 300.0,
    "maxResTime" : 3918.0,
    "pct1ResTime" : 3596.9,
    "pct2ResTime" : 3683.95,
    "pct3ResTime" : 3836.98,
    "throughput" : 19.133629266799325,
    "receivedKBytesPerSec" : 7.735666519975508,
    "sentKBytesPerSec" : 8.408333173886422
  },
  "Delete Booking" : {
    "transaction" : "Delete Booking",
    "sampleCount" : 2000,
    "errorCount" : 0,
    "errorPct" : 0.0,
    "meanResTime" : 3021.146000000002,
    "medianResTime" : 3209.0,
    "minResTime" : 541.0,
    "maxResTime" : 4058.0,
    "pct1ResTime" : 3507.0,
    "pct2ResTime" : 3612.8999999999996,
    "pct3ResTime" : 3821.95,
    "throughput" : 19.05524114407668,
    "receivedKBytesPerSec" : 4.61494121458107,
    "sentKBytesPerSec" : 4.577723946721546
  },
  "Debug Sampler" : {
    "transaction" : "Debug Sampler",
    "sampleCount" : 2000,
    "errorCount" : 0,
    "errorPct" : 0.0,
    "meanResTime" : 0.09099999999999996,
    "medianResTime" : 0.0,
    "minResTime" : 0.0,
    "maxResTime" : 1.0,
    "pct1ResTime" : 0.0,
    "pct2ResTime" : 1.0,
    "pct3ResTime" : 1.0,
    "throughput" : 19.15929033988581,
    "receivedKBytesPerSec" : 6.742330146903858,
    "sentKBytesPerSec" : 0.0
  },
  "Total" : {
    "transaction" : "Total",
    "sampleCount" : 12000,
    "errorCount" : 0,
    "errorPct" : 0.0,
    "meanResTime" : 1636.0551666666677,
    "medianResTime" : 1715.0,
    "minResTime" : 0.0,
    "maxResTime" : 4358.0,
    "pct1ResTime" : 3363.8999999999996,
    "pct2ResTime" : 3486.0,
    "pct3ResTime" : 3753.959999999999,
    "throughput" : 111.63206072784104,
    "receivedKBytesPerSec" : 39.0885729178295,
    "sentKBytesPerSec" : 30.070159587333485
  },
  "Create Booking" : {
    "transaction" : "Create Booking",
    "sampleCount" : 2000,
    "errorCount" : 0,
    "errorPct" : 0.0,
    "meanResTime" : 1766.299499999998,
    "medianResTime" : 1746.0,
    "minResTime" : 424.0,
    "maxResTime" : 3588.0,
    "pct1ResTime" : 2227.000000000001,
    "pct2ResTime" : 2547.0,
    "pct3ResTime" : 2661.9700000000003,
    "throughput" : 19.242610837438423,
    "receivedKBytesPerSec" : 8.343475792795566,
    "sentKBytesPerSec" : 8.381059017087438
  },
  "Get Booking" : {
    "transaction" : "Get Booking",
    "sampleCount" : 2000,
    "errorCount" : 0,
    "errorPct" : 0.0,
    "meanResTime" : 1651.0710000000024,
    "medianResTime" : 1731.0,
    "minResTime" : 289.0,
    "maxResTime" : 4358.0,
    "pct1ResTime" : 1911.0,
    "pct2ResTime" : 1991.9499999999998,
    "pct3ResTime" : 2534.79,
    "throughput" : 19.363333591511115,
    "receivedKBytesPerSec" : 7.828535260630471,
    "sentKBytesPerSec" : 4.235729223143056
  },
  "Authenticate Token Generation" : {
    "transaction" : "Authenticate Token Generation",
    "sampleCount" : 2000,
    "errorCount" : 0,
    "errorPct" : 0.0,
    "meanResTime" : 305.3069999999999,
    "medianResTime" : 298.0,
    "minResTime" : 262.0,
    "maxResTime" : 1266.0,
    "pct1ResTime" : 314.0,
    "pct2ResTime" : 319.0,
    "pct3ResTime" : 348.99,
    "throughput" : 19.35995973128376,
    "receivedKBytesPerSec" : 5.123583092947166,
    "sentKBytesPerSec" : 5.4638948850986395
  }
}