{
  "Create Student Address" : {
    "transaction" : "Create Student Address",
    "sampleCount" : 2000,
    "errorCount" : 0,
    "errorPct" : 0.0,
    "meanResTime" : 3759.4109999999996,
    "medianResTime" : 3292.5,
    "minResTime" : 58.0,
    "maxResTime" : 12677.0,
    "pct1ResTime" : 7431.9,
    "pct2ResTime" : 8851.899999999996,
    "pct3ResTime" : 10843.83,
    "throughput" : 4.278715529598014,
    "receivedKBytesPerSec" : 1.3830613674774832,
    "sentKBytesPerSec" : 2.1727852298739916
  },
  "Update Student" : {
    "transaction" : "Update Student",
    "sampleCount" : 2000,
    "errorCount" : 0,
    "errorPct" : 0.0,
    "meanResTime" : 5093.516000000001,
    "medianResTime" : 4892.0,
    "minResTime" : 52.0,
    "maxResTime" : 14048.0,
    "pct1ResTime" : 10638.8,
    "pct2ResTime" : 10947.8,
    "pct3ResTime" : 13330.52,
    "throughput" : 4.370552962360797,
    "receivedKBytesPerSec" : 1.4255514545200259,
    "sentKBytesPerSec" : 1.4298195726473313
  },
  "Final Student Details-1" : {
    "transaction" : "Final Student Details-1",
    "sampleCount" : 2000,
    "errorCount" : 0,
    "errorPct" : 0.0,
    "meanResTime" : 11790.014500000008,
    "medianResTime" : 11388.5,
    "minResTime" : 750.0,
    "maxResTime" : 23230.0,
    "pct1ResTime" : 17125.6,
    "pct2ResTime" : 18306.09999999999,
    "pct3ResTime" : 20746.66,
    "throughput" : 4.271742636049663,
    "receivedKBytesPerSec" : 3.0035690409724194,
    "sentKBytesPerSec" : 0.7926084969232774
  },
  "Final Student Details-0" : {
    "transaction" : "Final Student Details-0",
    "sampleCount" : 2000,
    "errorCount" : 0,
    "errorPct" : 0.0,
    "meanResTime" : 3766.8170000000027,
    "medianResTime" : 3009.5,
    "minResTime" : 98.0,
    "maxResTime" : 15006.0,
    "pct1ResTime" : 7660.700000000001,
    "pct2ResTime" : 9335.949999999993,
    "pct3ResTime" : 11142.96,
    "throughput" : 4.2783036526017435,
    "receivedKBytesPerSec" : 1.9678525589603721,
    "sentKBytesPerSec" : 0.7938258730413391
  },
  "Delete Student" : {
    "transaction" : "Delete Student",
    "sampleCount" : 2000,
    "errorCount" : 0,
    "errorPct" : 0.0,
    "meanResTime" : 7942.120500000008,
    "medianResTime" : 8165.0,
    "minResTime" : 111.0,
    "maxResTime" : 21160.0,
    "pct1ResTime" : 12324.6,
    "pct2ResTime" : 13595.049999999992,
    "pct3ResTime" : 16431.13,
    "throughput" : 4.319934336998078,
    "receivedKBytesPerSec" : 3.7208809426096723,
    "sentKBytesPerSec" : 1.662162235134026
  },
  "Create Student" : {
    "transaction" : "Create Student",
    "sampleCount" : 2000,
    "errorCount" : 0,
    "errorPct" : 0.0,
    "meanResTime" : 3727.3615000000054,
    "medianResTime" : 2643.5,
    "minResTime" : 222.0,
    "maxResTime" : 13351.0,
    "pct1ResTime" : 7810.6,
    "pct2ResTime" : 9533.149999999998,
    "pct3ResTime" : 11108.97,
    "throughput" : 4.429590550797437,
    "receivedKBytesPerSec" : 2.0331128504636675,
    "sentKBytesPerSec" : 1.345315098923831
  },
  "Final Student Details" : {
    "transaction" : "Final Student Details",
    "sampleCount" : 2000,
    "errorCount" : 0,
    "errorPct" : 0.0,
    "meanResTime" : 15556.908999999994,
    "medianResTime" : 15461.5,
    "minResTime" : 934.0,
    "maxResTime" : 27161.0,
    "pct1ResTime" : 21051.9,
    "pct2ResTime" : 22287.149999999994,
    "pct3ResTime" : 24055.55,
    "throughput" : 4.2707392436093725,
    "receivedKBytesPerSec" : 4.967236756971448,
    "sentKBytesPerSec" : 1.5848446411831656
  },
  "Debug Sampler" : {
    "transaction" : "Debug Sampler",
    "sampleCount" : 2000,
    "errorCount" : 0,
    "errorPct" : 0.0,
    "meanResTime" : 0.0915000000000002,
    "medianResTime" : 0.0,
    "minResTime" : 0.0,
    "maxResTime" : 6.0,
    "pct1ResTime" : 0.0,
    "pct2ResTime" : 1.0,
    "pct3ResTime" : 1.0,
    "throughput" : 4.328573345511053,
    "receivedKBytesPerSec" : 1.3837062489449103,
    "sentKBytesPerSec" : 0.0
  },
  "Total" : {
    "transaction" : "Total",
    "sampleCount" : 24000,
    "errorCount" : 0,
    "errorPct" : 0.0,
    "meanResTime" : 5696.463333333343,
    "medianResTime" : 5091.0,
    "minResTime" : 0.0,
    "maxResTime" : 27161.0,
    "pct1ResTime" : 12820.800000000003,
    "pct2ResTime" : 16127.550000000007,
    "pct3ResTime" : 20905.99,
    "throughput" : 51.10427827983,
    "receivedKBytesPerSec" : 70.56375646322728,
    "sentKBytesPerSec" : 12.801022830836322
  },
  "Delete Student-1" : {
    "transaction" : "Delete Student-1",
    "sampleCount" : 2000,
    "errorCount" : 0,
    "errorPct" : 0.0,
    "meanResTime" : 3604.9640000000013,
    "medianResTime" : 2910.0,
    "minResTime" : 50.0,
    "maxResTime" : 12552.0,
    "pct1ResTime" : 7719.6,
    "pct2ResTime" : 8303.349999999999,
    "pct3ResTime" : 10908.81,
    "throughput" : 4.3240625432406254,
    "receivedKBytesPerSec" : 1.7693185601736543,
    "sentKBytesPerSec" : 0.7854254228933167
  },
  "Delete Student-0" : {
    "transaction" : "Delete Student-0",
    "sampleCount" : 2000,
    "errorCount" : 0,
    "errorPct" : 0.0,
    "meanResTime" : 4337.1115,
    "medianResTime" : 4092.0,
    "minResTime" : 50.0,
    "maxResTime" : 13427.0,
    "pct1ResTime" : 8449.1,
    "pct2ResTime" : 9484.499999999998,
    "pct3ResTime" : 10865.140000000001,
    "throughput" : 4.321054337258291,
    "receivedKBytesPerSec" : 1.9537579669439342,
    "sentKBytesPerSec" : 0.8777141622555903
  },
  "Get Student Details" : {
    "transaction" : "Get Student Details",
    "sampleCount" : 2000,
    "errorCount" : 0,
    "errorPct" : 0.0,
    "meanResTime" : 4337.214499999998,
    "medianResTime" : 4032.0,
    "minResTime" : 100.0,
    "maxResTime" : 13755.0,
    "pct1ResTime" : 8332.1,
    "pct2ResTime" : 10459.049999999996,
    "pct3ResTime" : 11405.75,
    "throughput" : 4.432496404137292,
    "receivedKBytesPerSec" : 47.35361654653678,
    "sentKBytesPerSec" : 0.7704925390004277
  },
  "Get Specific Student by ID" : {
    "transaction" : "Get Specific Student by ID",
    "sampleCount" : 2000,
    "errorCount" : 0,
    "errorPct" : 0.0,
    "meanResTime" : 4442.028999999993,
    "medianResTime" : 4400.0,
    "minResTime" : 50.0,
    "maxResTime" : 13147.0,
    "pct1ResTime" : 8490.800000000001,
    "pct2ResTime" : 10181.75,
    "pct3ResTime" : 11314.9,
    "throughput" : 4.308961131016117,
    "receivedKBytesPerSec" : 1.7631393690388215,
    "sentKBytesPerSec" : 0.7826823929384745
  }
}